ciiu3,actividad_economica,anio,n_establecimientos,n_empresas,establecimientos_sin_personal,personal_ocupado,produccion_bruta,valor_agregado,ventas,inversion_bruta,productividad_laboral,total_empresas_edit,inversion_acti_prom,inversion_maquinaria_prom,inversion_tic_prom,pct_empresas_innovadoras,pct_empresas_invierten_acti,inversion_tic_por_empresa,inversion_maquinaria_por_empresa,indice_digitalizacion
101,Procesamiento y conservación de carne y pescado,2021,160,145,11,15897.0,15185670833.0,5027245334.0,14554871741.0,240542801.0,307055.66238913004,160,60261558.5,31188816.0,1818373.0,37.5,28.125,11364.83125,194930.1,50.5
101,Procesamiento y conservación de carne y pescado,2024,168,152,13,19918.0,21423699112.0,7650993933.0,20226058927.0,443365933.0,370950.52836630185,160,60261558.5,31188816.0,1818373.0,37.5,28.125,11364.83125,194930.1,50.5
102,"Procesamiento y conservación de frutas, legumbres, hortalizas y tubérculos",2021,44,44,1,1839.0,920482206.0,493477552.0,896518660.0,54340972.0,268186.3567156063,59,7063212.0,3158758.0,231369.0,42.3728813559322,34.74576271186441,3921.508474576271,53538.27118644068,68.2
102,"Procesamiento y conservación de frutas, legumbres, hortalizas y tubérculos",2024,44,44,4,2705.0,1500151294.0,750787534.0,1478070242.0,50347602.0,267896.058780037,59,7063212.0,3158758.0,231369.0,42.3728813559322,34.74576271186441,3921.508474576271,53538.27118644068,68.2
103,Elaboración de aceites y grasas,2021,66,61,1,6337.0,8715078536.0,2380683409.0,8485565146.0,174713511.0,375574.5671453369,67,42349871.5,8944832.5,5898290.0,37.3134328358209,27.611940298507463,88034.17910447762,133504.96268656716,78.2
103,Elaboración de aceites y grasas,2024,63,57,1,6628.0,7843771267.0,2177762347.0,7649538423.0,291689519.0,322900.53892576945,67,42349871.5,8944832.5,5898290.0,37.3134328358209,27.611940298507463,88034.17910447762,133504.96268656716,78.2
104,Elaboración de productos lácteos,2021,134,116,13,10301.0,9203307148.0,3529802229.0,9123950255.0,193972805.0,324112.30424230656,126,41581357.0,34544027.5,1076314.0,38.88888888888889,28.57142857142857,8542.174603174602,274158.9484126984,52.4
104,Elaboración de productos lácteos,2024,128,114,8,11411.0,13361802855.0,5211698568.0,13282105892.0,267310982.0,446649.2090088511,126,41581357.0,34544027.5,1076314.0,38.88888888888889,28.57142857142857,8542.174603174602,274158.9484126984,52.4
105,"Elaboración de productos de molinería, almidones y sus derivados",2021,130,95,10,7400.0,9228934235.0,2691851366.0,9045194054.0,333108151.0,354899.1883783784,110,37050634.0,24287895.0,1182124.5,32.72727272727273,29.09090909090909,10746.586363636363,220799.04545454544,44.8
105,"Elaboración de productos de molinería, almidones y sus derivados",2024,120,90,11,7993.0,12491136527.0,3764309960.0,12262400121.0,440684191.0,454570.2500938321,110,37050634.0,24287895.0,1182124.5,32.72727272727273,29.09090909090909,10746.586363636363,220799.04545454544,44.8
106,Elaboración de productos de café,2021,67,46,2,1952.0,7817625596.0,1813943743.0,7727736883.0,53970574.0,928667.381659836,53,16140777.0,11525577.0,310903.5,20.754716981132077,17.92452830188679,5866.103773584906,217463.71698113208,2.6
106,Elaboración de productos de café,2024,55,40,2,2217.0,9534745172.0,1385841810.0,9421780869.0,74935484.0,618509.5160126297,53,16140777.0,11525577.0,310903.5,20.754716981132077,17.92452830188679,5866.103773584906,217463.71698113208,2.6
107,Elaboración de azúcar y panela,2021,22,21,4,7291.0,5653795481.0,2403877710.0,5435223756.0,577204045.0,328160.42696475104,31,7266065.5,3920852.5,0.0,22.58064516129032,17.741935483870968,0.0,126479.1129032258,2.8
107,Elaboración de azúcar y panela,2024,19,18,1,7817.0,8090266043.0,3412462827.0,7459252280.0,465575137.0,436454.02686452604,31,7266065.5,3920852.5,0.0,22.58064516129032,17.741935483870968,0.0,126479.1129032258,2.8
108,Elaboración de otros productos alimenticios,2021,697,654,58,38695.0,21806367676.0,9791703232.0,21296011596.0,1736066419.0,249243.5409742861,568,172902757.0,91032499.5,5408504.0,26.936619718309856,19.102112676056336,9522.014084507042,160268.48503521126,15.8
108,Elaboración de otros productos alimenticios,2024,632,588,49,41945.0,33771233087.0,13695894027.0,33381632205.0,1470579061.0,321689.39609011804,568,172902757.0,91032499.5,5408504.0,26.936619718309856,19.102112676056336,9522.014084507042,160268.48503521126,15.8
109,Elaboración de alimentos preparados para animales,2021,60,45,3,5772.0,11442238724.0,2375600029.0,11387708246.0,156829682.0,405198.6645876646,46,39657452.0,24527773.5,439477.0,41.30434782608695,33.69565217391305,9553.847826086956,533212.4673913043,66.6
109,Elaboración de alimentos preparados para animales,2024,58,44,3,6800.0,14867610117.0,3463300399.0,14720162176.0,248817964.0,507329.06205882353,46,39657452.0,24527773.5,439477.0,41.30434782608695,33.69565217391305,9553.847826086956,533212.4673913043,66.6
